model_id,task_id,score,reported_by,url,notes
isaac0.1,vqav2,82.2,Perceptron,https://github.com/perceptron-ai-inc/perceptron/blob/main/papers/isaac_01.pdf,
isaac0.1,textvqa,79.3,Perceptron,https://github.com/perceptron-ai-inc/perceptron/blob/main/papers/isaac_01.pdf,
isaac0.1,chartqa,76.8,Perceptron,https://github.com/perceptron-ai-inc/perceptron/blob/main/papers/isaac_01.pdf,
isaac0.1,blink,42.6,Perceptron,https://github.com/perceptron-ai-inc/perceptron/blob/main/papers/isaac_01.pdf,
isaac0.1,mmmu,39.7,Perceptron,https://github.com/perceptron-ai-inc/perceptron/blob/main/papers/isaac_01.pdf,
isaac0.1,rwqa,75.0,Perceptron,https://github.com/perceptron-ai-inc/perceptron/blob/main/papers/isaac_01.pdf,
isaac0.1,mme,2150,Perceptron,https://github.com/perceptron-ai-inc/perceptron/blob/main/papers/isaac_01.pdf,"Reports 76.8; as a percentage of 2800, it's 2150.4."
isaac0.2-1b,vqav2,80.00,Perceptron,https://www.perceptron.inc/blog/introducing-isaac-0-2,
isaac0.2-1b,docvqa,91.10,Perceptron,https://www.perceptron.inc/blog/introducing-isaac-0-2,
isaac0.2-1b,rwqa,75.70,Perceptron,https://www.perceptron.inc/blog/introducing-isaac-0-2,
isaac0.2-1b,textvqa,76.60,Perceptron,https://www.perceptron.inc/blog/introducing-isaac-0-2,
isaac0.2-1b,ocrbench,870,Perceptron,https://www.perceptron.inc/blog/introducing-isaac-0-2,
isaac0.2-1b,mme,1780,Perceptron,https://www.perceptron.inc/blog/introducing-isaac-0-2,
isaac0.2-1b,blink,51.20,Perceptron,https://www.perceptron.inc/blog/introducing-isaac-0-2,
isaac0.2-1b,seedbench,74.20,Perceptron,https://www.perceptron.inc/blog/introducing-isaac-0-2,
isaac0.2-2b,vqav2,80.80,Perceptron,https://www.perceptron.inc/blog/introducing-isaac-0-2,
isaac0.2-2b,docvqa,92.10,Perceptron,https://www.perceptron.inc/blog/introducing-isaac-0-2,
isaac0.2-2b,rwqa,77.90,Perceptron,https://www.perceptron.inc/blog/introducing-isaac-0-2,
isaac0.2-2b,textvqa,78.10,Perceptron,https://www.perceptron.inc/blog/introducing-isaac-0-2,
isaac0.2-2b,ocrbench,859,Perceptron,https://www.perceptron.inc/blog/introducing-isaac-0-2,
isaac0.2-2b,mme,2092,Perceptron,https://www.perceptron.inc/blog/introducing-isaac-0-2,
isaac0.2-2b,blink,55.00,Perceptron,https://www.perceptron.inc/blog/introducing-isaac-0-2,
isaac0.2-2b,seedbench,75.20,Perceptron,https://www.perceptron.inc/blog/introducing-isaac-0-2,
lfm2-vl-1.6b,vqav2,67.71,Perceptron,https://www.perceptron.inc/blog/introducing-isaac-0-2,
lfm2-vl-1.6b,docvqa,77.18,Perceptron,https://www.perceptron.inc/blog/introducing-isaac-0-2,
lfm2-vl-1.6b,rwqa,65.23,Perceptron,https://www.perceptron.inc/blog/introducing-isaac-0-2,
lfm2-vl-1.6b,textvqa,65.45,Perceptron,https://www.perceptron.inc/blog/introducing-isaac-0-2,
lfm2-vl-1.6b,ocrbench,742,Perceptron,https://www.perceptron.inc/blog/introducing-isaac-0-2,
lfm2-vl-1.6b,mme,1753,Perceptron,https://www.perceptron.inc/blog/introducing-isaac-0-2,
lfm2-vl-1.6b,blink,44.40,Perceptron,https://www.perceptron.inc/blog/introducing-isaac-0-2,
lfm2-vl-1.6b,seedbench,71.97,Perceptron,https://www.perceptron.inc/blog/introducing-isaac-0-2,
smolvlm2-2.2b,vqav2,65.54,Perceptron,https://www.perceptron.inc/blog/introducing-isaac-0-2,
smolvlm2-2.2b,docvqa,79.98,Perceptron,https://www.perceptron.inc/blog/introducing-isaac-0-2,
smolvlm2-2.2b,rwqa,57.50,Perceptron,https://www.perceptron.inc/blog/introducing-isaac-0-2,
smolvlm2-2.2b,textvqa,73.21,Perceptron,https://www.perceptron.inc/blog/introducing-isaac-0-2,
smolvlm2-2.2b,ocrbench,729,Perceptron,https://www.perceptron.inc/blog/introducing-isaac-0-2,
smolvlm2-2.2b,mme,1793,Perceptron,https://www.perceptron.inc/blog/introducing-isaac-0-2,
smolvlm2-2.2b,blink,42.30,Perceptron,https://www.perceptron.inc/blog/introducing-isaac-0-2,
smolvlm2-2.2b,seedbench,69.67,Perceptron,https://www.perceptron.inc/blog/introducing-isaac-0-2,
qwen3-vl-2b,vqav2,80.10,Perceptron,https://www.perceptron.inc/blog/introducing-isaac-0-2,
qwen3-vl-2b,docvqa,90.10,Perceptron,https://www.perceptron.inc/blog/introducing-isaac-0-2,
qwen3-vl-2b,rwqa,62.90,Perceptron,https://www.perceptron.inc/blog/introducing-isaac-0-2,
qwen3-vl-2b,textvqa,79.70,Perceptron,https://www.perceptron.inc/blog/introducing-isaac-0-2,
qwen3-vl-2b,ocrbench,794,Perceptron,https://www.perceptron.inc/blog/introducing-isaac-0-2,
qwen3-vl-2b,mme,1872,Perceptron,https://www.perceptron.inc/blog/introducing-isaac-0-2,
qwen3-vl-2b,blink,53.80,Perceptron,https://www.perceptron.inc/blog/introducing-isaac-0-2,
qwen3-vl-2b,seedbench,74.40,Perceptron,https://www.perceptron.inc/blog/introducing-isaac-0-2,
gemma3-27b,vqav2,71.00,Perceptron,https://www.perceptron.inc/blog/introducing-isaac-0-2,
gemma3-27b,docvqa,86.60,Perceptron,https://www.perceptron.inc/blog/introducing-isaac-0-2,
gemma3-27b,rwqa,53.90,Perceptron,https://www.perceptron.inc/blog/introducing-isaac-0-2,
gemma3-27b,textvqa,65.10,Perceptron,https://www.perceptron.inc/blog/introducing-isaac-0-2,
gemma3-27b,ocrbench,701,Perceptron,https://www.perceptron.inc/blog/introducing-isaac-0-2,
gemma3-27b,mme,1582,Perceptron,https://www.perceptron.inc/blog/introducing-isaac-0-2,
gemma3-27b,blink,39.60,Perceptron,https://www.perceptron.inc/blog/introducing-isaac-0-2,
gemma3-27b,seedbench,55.36,Perceptron,https://www.perceptron.inc/blog/introducing-isaac-0-2,
lfm2-vl-450m,mmstar,40.87,Liquid AI,http://arxiv.org/pdf/2511.23404,
lfm2-vl-450m,mmbench,55.76,Liquid AI,http://arxiv.org/pdf/2511.23404,(dev)
lfm2-vl-450m,rwqa,52.03,Liquid AI,http://arxiv.org/pdf/2511.23404,
lfm2-vl-450m,mme,1230,Liquid AI,http://arxiv.org/pdf/2511.23404,
lfm2-vl-450m,seedbench,63.62,Liquid AI,http://arxiv.org/pdf/2511.23404,
lfm2-vl-450m,pope,83.68,Liquid AI,http://arxiv.org/pdf/2511.23404,
lfm2-vl-450m,mmmu,34.44,Liquid AI,http://arxiv.org/pdf/2511.23404,
lfm2-vl-450m,mathvista,45.30,Liquid AI,http://arxiv.org/pdf/2511.23404,
lfm2-vl-450m,blink,42.61,Liquid AI,http://arxiv.org/pdf/2511.23404,
lfm2-vl-450m,infovqa,44.56,Liquid AI,http://arxiv.org/pdf/2511.23404,(val)
lfm2-vl-450m,ocrbench,657,Liquid AI,http://arxiv.org/pdf/2511.23404,
lfm2-vl-450m,mm-ifeval,33.09,Liquid AI,http://arxiv.org/pdf/2511.23404,
lfm2-vl-1.6b,mmstar,49.87,Liquid AI,http://arxiv.org/pdf/2511.23404,
lfm2-vl-1.6b,mmbench,69.16,Liquid AI,http://arxiv.org/pdf/2511.23404,(dev)
lfm2-vl-1.6b,rwqa,65.75,Liquid AI,http://arxiv.org/pdf/2511.23404,
lfm2-vl-1.6b,mme,1757,Liquid AI,http://arxiv.org/pdf/2511.23404,
lfm2-vl-1.6b,seedbench,72.00,Liquid AI,http://arxiv.org/pdf/2511.23404,
lfm2-vl-1.6b,pope,87.17,Liquid AI,http://arxiv.org/pdf/2511.23404,
lfm2-vl-1.6b,mmmu,39.67,Liquid AI,http://arxiv.org/pdf/2511.23404,
lfm2-vl-1.6b,infovqa,58.35,Liquid AI,http://arxiv.org/pdf/2511.23404,(val)
lfm2-vl-1.6b,mathvista,51.70,Liquid AI,http://arxiv.org/pdf/2511.23404,
lfm2-vl-1.6b,blink,44.50,Liquid AI,http://arxiv.org/pdf/2511.23404,
lfm2-vl-1.6b,pope,87.17,Liquid AI,http://arxiv.org/pdf/2511.23404,
lfm2-vl-3b,mmstar,57.73,Liquid AI,http://arxiv.org/pdf/2511.23404,
lfm2-vl-3b,mmbench,79.81,Liquid AI,http://arxiv.org/pdf/2511.23404,(dev)
lfm2-vl-3b,rwqa,71.37,Liquid AI,http://arxiv.org/pdf/2511.23404,
lfm2-vl-3b,mme,2051,Liquid AI,http://arxiv.org/pdf/2511.23404,
lfm2-vl-3b,seedbench,76.55,Liquid AI,http://arxiv.org/pdf/2511.23404,
lfm2-vl-3b,pope,89.01,Liquid AI,http://arxiv.org/pdf/2511.23404,
lfm2-vl-3b,mmmu,45.33,Liquid AI,http://arxiv.org/pdf/2511.23404,
lfm2-vl-3b,mathvista,62.20,Liquid AI,http://arxiv.org/pdf/2511.23404,
lfm2-vl-3b,blink,51.03,Liquid AI,http://arxiv.org/pdf/2511.23404,
lfm2-vl-3b,infovqa,67.37,Liquid AI,http://arxiv.org/pdf/2511.23404,(val)
lfm2-vl-3b,ocrbench,822,Liquid AI,http://arxiv.org/pdf/2511.23404,(val)
lfm2-vl-3b,mm-ifeval,51.83,Liquid AI,http://arxiv.org/pdf/2511.23404,(val)
internvl3.5-1b,mmstar,50.27,Liquid AI,http://arxiv.org/pdf/2511.23404,
internvl3.5-1b,mmbench,70.79,Liquid AI,http://arxiv.org/pdf/2511.23404,(dev)
internvl3.5-1b,rwqa,57.12,Liquid AI,http://arxiv.org/pdf/2511.23404,
internvl3.5-1b,mme,1894,Liquid AI,http://arxiv.org/pdf/2511.23404,
internvl3.5-1b,seedbench,72.67,Liquid AI,http://arxiv.org/pdf/2511.23404,
internvl3.5-1b,pope,86.30,Liquid AI,http://arxiv.org/pdf/2511.23404,
internvl3.5-1b,mmmu,41.89,Liquid AI,http://arxiv.org/pdf/2511.23404,
internvl3.5-1b,mathvista,53.10,Liquid AI,http://arxiv.org/pdf/2511.23404,
internvl3.5-1b,blink,44.19,Liquid AI,http://arxiv.org/pdf/2511.23404,
internvl3.5-1b,infovqa,60.99,Liquid AI,http://arxiv.org/pdf/2511.23404,(val)
internvl3.5-1b,ocrbench,790,Liquid AI,http://arxiv.org/pdf/2511.23404,
internvl3.5-1b,mm-ifeval,36.17,Liquid AI,http://arxiv.org/pdf/2511.23404,
qwen3-vl-2b,mmstar,49.0,Liquid AI,http://arxiv.org/pdf/2511.23404,
qwen3-vl-2b,mmbench,77.58,Liquid AI,http://arxiv.org/pdf/2511.23404,(dev)
qwen3-vl-2b,rwqa,65.75,Liquid AI,http://arxiv.org/pdf/2511.23404,
qwen3-vl-2b,mme,2045,Liquid AI,http://arxiv.org/pdf/2511.23404,
qwen3-vl-2b,seedbench,74.08,Liquid AI,http://arxiv.org/pdf/2511.23404,
qwen3-vl-2b,pope,89.05,Liquid AI,http://arxiv.org/pdf/2511.23404,
qwen3-vl-2b,mmmu,45.78,Liquid AI,http://arxiv.org/pdf/2511.23404,
qwen3-vl-2b,mathvista,63.50,Liquid AI,http://arxiv.org/pdf/2511.23404,
qwen3-vl-2b,blink,54.87,Liquid AI,http://arxiv.org/pdf/2511.23404,
qwen3-vl-2b,infovqa,71.68,Liquid AI,http://arxiv.org/pdf/2511.23404,(val)
qwen3-vl-2b,ocrbench,864,Liquid AI,http://arxiv.org/pdf/2511.23404,
qwen3-vl-2b,mm-ifeval,51.35,Liquid AI,http://arxiv.org/pdf/2511.23404,
internvl3.5-2b,mmstar,57.67,Liquid AI,http://arxiv.org/pdf/2511.23404,
internvl3.5-2b,mmbench,78.18,Liquid AI,http://arxiv.org/pdf/2511.23404,(dev)
internvl3.5-2b,rwqa,60.78,Liquid AI,http://arxiv.org/pdf/2511.23404,
internvl3.5-2b,mme,2129,Liquid AI,http://arxiv.org/pdf/2511.23404,
internvl3.5-2b,seedbench,75.41,Liquid AI,http://arxiv.org/pdf/2511.23404,
internvl3.5-2b,pope,87.17,Liquid AI,http://arxiv.org/pdf/2511.23404,
internvl3.5-2b,mmmu,51.78,Liquid AI,http://arxiv.org/pdf/2511.23404,
internvl3.5-2b,mathvista,61.60,Liquid AI,http://arxiv.org/pdf/2511.23404,
internvl3.5-2b,blink,50.97,Liquid AI,http://arxiv.org/pdf/2511.23404,
internvl3.5-2b,infovqa,69.29,Liquid AI,http://arxiv.org/pdf/2511.23404,(val)
internvl3.5-2b,ocrbench,834,Liquid AI,http://arxiv.org/pdf/2511.23404,
internvl3.5-2b,mm-ifeval,47.31,Liquid AI,http://arxiv.org/pdf/2511.23404,
smolvlm2-500m,mmstar,37.73,Liquid AI,http://arxiv.org/pdf/2511.23404,
smolvlm2-500m,mmbench,51.29,Liquid AI,http://arxiv.org/pdf/2511.23404,(dev)
smolvlm2-500m,rwqa,51.37,Liquid AI,http://arxiv.org/pdf/2511.23404,
smolvlm2-500m,mme,1456,Liquid AI,http://arxiv.org/pdf/2511.23404,
smolvlm2-500m,seedbench,60.34,Liquid AI,http://arxiv.org/pdf/2511.23404,
smolvlm2-500m,pope,85.83,Liquid AI,http://arxiv.org/pdf/2511.23404,
smolvlm2-500m,mmmu,33.89,Liquid AI,http://arxiv.org/pdf/2511.23404,
smolvlm2-500m,mathvista,34.50,Liquid AI,http://arxiv.org/pdf/2511.23404,
smolvlm2-500m,blink,40.45,Liquid AI,http://arxiv.org/pdf/2511.23404,
smolvlm2-500m,infovqa,24.64,Liquid AI,http://arxiv.org/pdf/2511.23404,(val)
smolvlm2-500m,ocrbench,562,Liquid AI,http://arxiv.org/pdf/2511.23404,
smolvlm2-500m,mm-ifeval,11.56,Liquid AI,http://arxiv.org/pdf/2511.23404,
smolvlm2-2.2b,mmstar,46.00,Liquid AI,http://arxiv.org/pdf/2511.23404,
smolvlm2-2.2b,mmbench,69.24,Liquid AI,http://arxiv.org/pdf/2511.23404,(dev)
smolvlm2-2.2b,rwqa,57.50,Liquid AI,http://arxiv.org/pdf/2511.23404,
smolvlm2-2.2b,mme,1793,Liquid AI,http://arxiv.org/pdf/2511.23404,
smolvlm2-2.2b,seedbench,71.30,Liquid AI,http://arxiv.org/pdf/2511.23404,
smolvlm2-2.2b,pope,85.10,Liquid AI,http://arxiv.org/pdf/2511.23404,
smolvlm2-2.2b,mmmu,41.60,Liquid AI,http://arxiv.org/pdf/2511.23404,
smolvlm2-2.2b,mathvista,51.50,Liquid AI,http://arxiv.org/pdf/2511.23404,
smolvlm2-2.2b,blink,42.30,Liquid AI,http://arxiv.org/pdf/2511.23404,
smolvlm2-2.2b,infovqa,37.75,Liquid AI,http://arxiv.org/pdf/2511.23404,(val)
smolvlm2-2.2b,ocrbench,725,Liquid AI,http://arxiv.org/pdf/2511.23404,
smolvlm2-2.2b,mm-ifeval,19.42,Liquid AI,http://arxiv.org/pdf/2511.23404,
lfm2.5-vl-1.6b,mmstar,50.67,Liquid AI,https://www.liquid.ai/blog/introducing-lfm2-5-the-next-generation-of-on-device-ai#vision-and-text-benchmark-results,
lfm2.5-vl-1.6b,mm-ifeval,52.29,Liquid AI,https://www.liquid.ai/blog/introducing-lfm2-5-the-next-generation-of-on-device-ai#vision-and-text-benchmark-results,
lfm2.5-vl-1.6b,blink,48.82,Liquid AI,https://www.liquid.ai/blog/introducing-lfm2-5-the-next-generation-of-on-device-ai#vision-and-text-benchmark-results,
lfm2.5-vl-1.6b,infovqa,62.71,Liquid AI,https://www.liquid.ai/blog/introducing-lfm2-5-the-next-generation-of-on-device-ai#vision-and-text-benchmark-results,(val)
lfm2.5-vl-1.6b,ocrbenchv2,41.44,Liquid AI,https://www.liquid.ai/blog/introducing-lfm2-5-the-next-generation-of-on-device-ai#vision-and-text-benchmark-results,(val)
lfm2.5-vl-1.6b,rwqa,64.84,Liquid AI,https://www.liquid.ai/blog/introducing-lfm2-5-the-next-generation-of-on-device-ai#vision-and-text-benchmark-results,
lfm2.5-vl-1.6b,mmmu,40.56,Liquid AI,https://www.liquid.ai/blog/introducing-lfm2-5-the-next-generation-of-on-device-ai#vision-and-text-benchmark-results,
qwen3.5-397b-a17b,mmmu-pro,79.0,Qwen,https://qwen.ai/blog?id=qwen3.5#vision-language,
qwen3.5-397b-a17b,mmmu,85.0,Qwen,https://qwen.ai/blog?id=qwen3.5#vision-language,
qwen3.5-397b-a17b,mmstar,78.7,Qwen,https://qwen.ai/blog?id=qwen3.5#vision-language,
qwen3.5-397b-a17b,rwqa,81.3,Qwen,https://qwen.ai/blog?id=qwen3.5#vision-language,
qwen3.5-397b-a17b,simplevqa,61.3,Qwen,https://qwen.ai/blog?id=qwen3.5#vision-language,
qwen3.5-397b-a17b,mathvista,90.3,Qwen,https://qwen.ai/blog?id=qwen3.5#vision-language,(mini)
qwen3.5-397b-a17b,zerobench,4,Qwen,https://qwen.ai/blog?id=qwen3.5#vision-language,
qwen3.5-397b-a17b,ocrbench,87.5,Qwen,https://qwen.ai/blog?id=qwen3.5#vision-language,
qwen3-vl-2b,mmmu,53.4,Qwen,https://arxiv.org/pdf/2511.21631,
qwen3-vl-2b-thinking,mmmu,61.4,Qwen,https://arxiv.org/pdf/2511.21631,
qwen3-vl-4b,mmmu,67.4,Qwen,https://arxiv.org/pdf/2511.21631,
qwen3-vl-4b-thinking,mmmu,70.8,Qwen,https://arxiv.org/pdf/2511.21631,
qwen3-vl-8b,mmmu,69.6,Qwen,https://arxiv.org/pdf/2511.21631,
qwen3-vl-8b-thinking,mmmu,74.1,Qwen,https://arxiv.org/pdf/2511.21631,
qwen3-vl-2b,mathvista,61.3,Qwen,https://arxiv.org/pdf/2511.21631,(mini)
qwen3-vl-2b-thinking,mathvista,73.6,Qwen,https://arxiv.org/pdf/2511.21631,(mini)
qwen3-vl-4b,mathvista,73.7,Qwen,https://arxiv.org/pdf/2511.21631,(mini)
qwen3-vl-4b-thinking,mathvista,79.5,Qwen,https://arxiv.org/pdf/2511.21631,(mini)
qwen3-vl-8b,mathvista,77.2,Qwen,https://arxiv.org/pdf/2511.21631,(mini)
qwen3-vl-8b-thinking,mathvista,81.4,Qwen,https://arxiv.org/pdf/2511.21631,(mini)
qwen3-vl-2b,docvqa,93.3,Qwen,https://arxiv.org/pdf/2511.21631,(test)
qwen3-vl-2b-thinking,docvqa,92.9,Qwen,https://arxiv.org/pdf/2511.21631,(test)
qwen3-vl-4b,docvqa,95.3,Qwen,https://arxiv.org/pdf/2511.21631,(test)
qwen3-vl-4b-thinking,docvqa,94.2,Qwen,https://arxiv.org/pdf/2511.21631,(test)
qwen3-vl-8b,docvqa,96.1,Qwen,https://arxiv.org/pdf/2511.21631,(test)
qwen3-vl-8b-thinking,docvqa,95.3,Qwen,https://arxiv.org/pdf/2511.21631,(test)
qwen3-vl-2b,infovqa,72.4,Qwen,https://arxiv.org/pdf/2511.21631,(test)
qwen3-vl-2b-thinking,infovqa,77.1,Qwen,https://arxiv.org/pdf/2511.21631,(test)
qwen3-vl-4b,infovqa,80.3,Qwen,https://arxiv.org/pdf/2511.21631,(test)
qwen3-vl-4b-thinking,infovqa,83.0,Qwen,https://arxiv.org/pdf/2511.21631,(test)
qwen3-vl-8b,infovqa,86.0,Qwen,https://arxiv.org/pdf/2511.21631,(test)
qwen3-vl-8b-thinking,infovqa,83.1,Qwen,https://arxiv.org/pdf/2511.21631,(test)
qwen3-vl-2b,blink,53.8,Qwen,https://arxiv.org/pdf/2511.21631,
qwen3-vl-2b-thinking,blink,57.2,Qwen,https://arxiv.org/pdf/2511.21631,
qwen3-vl-4b,blink,65.,Qwen,https://arxiv.org/pdf/2511.21631,
qwen3-vl-4b-thinking,blink,63.4,Qwen,https://arxiv.org/pdf/2511.21631,
qwen3-vl-8b,blink,69.1,Qwen,https://arxiv.org/pdf/2511.21631,
qwen3-vl-8b-thinking,blink,64.7,Qwen,https://arxiv.org/pdf/2511.21631,
qwen3-vl-2b,rwqa,63.9,Qwen,https://arxiv.org/pdf/2511.21631,
qwen3-vl-2b-thinking,rwqa,69.5,Qwen,https://arxiv.org/pdf/2511.21631,
qwen3-vl-4b,rwqa,70.9,Qwen,https://arxiv.org/pdf/2511.21631,
qwen3-vl-4b-thinking,rwqa,73.2,Qwen,https://arxiv.org/pdf/2511.21631,
qwen3-vl-8b,rwqa,71.5,Qwen,https://arxiv.org/pdf/2511.21631,
qwen3-vl-8b-thinking,rwqa,73.5,Qwen,https://arxiv.org/pdf/2511.21631,
qwen3-vl-2b,mmstar,58.3,Qwen,https://arxiv.org/pdf/2511.21631,
qwen3-vl-2b-thinking,mmstar,68.1,Qwen,https://arxiv.org/pdf/2511.21631,
qwen3-vl-4b,mmstar,69.8,Qwen,https://arxiv.org/pdf/2511.21631,
qwen3-vl-4b-thinking,mmstar,73.2,Qwen,https://arxiv.org/pdf/2511.21631,
qwen3-vl-8b,mmstar,70.9,Qwen,https://arxiv.org/pdf/2511.21631,
qwen3-vl-8b-thinking,mmstar,75.3,Qwen,https://arxiv.org/pdf/2511.21631,
qwen3-vl-2b,chartqa,79.1,Qwen,https://arxiv.org/pdf/2511.21631,Test
qwen3-vl-2b-thinking,chartqa,86.6,Qwen,https://arxiv.org/pdf/2511.21631,Test
qwen3-vl-4b,chartqa,84.6,Qwen,https://arxiv.org/pdf/2511.21631,Test
qwen3-vl-4b-thinking,chartqa,88.8,Qwen,https://arxiv.org/pdf/2511.21631,Test
qwen3-vl-8b,chartqa,89.6,Qwen,https://arxiv.org/pdf/2511.21631,Test
qwen3-vl-8b-thinking,chartqa,88.6,Qwen,https://arxiv.org/pdf/2511.21631,Test
qwen3-vl-2b,zerobench,0,Qwen,https://arxiv.org/pdf/2511.21631,
qwen3-vl-2b-thinking,zerobench,0,Qwen,https://arxiv.org/pdf/2511.21631,
qwen3-vl-4b,zerobench,0,Qwen,https://arxiv.org/pdf/2511.21631,
qwen3-vl-4b-thinking,zerobench,0,Qwen,https://arxiv.org/pdf/2511.21631,
qwen3-vl-8b,zerobench,1,Qwen,https://arxiv.org/pdf/2511.21631,
qwen3-vl-8b-thinking,zerobench,2,Qwen,https://arxiv.org/pdf/2511.21631,
molmo2-4b,chartqa,86.1,Allen Institute for AI,http://arxiv.org/pdf/2601.10611,
molmo2-4b,docvqa,87.8,Allen Institute for AI,http://arxiv.org/pdf/2601.10611,
molmo2-4b,infovqa,78.6,Allen Institute for AI,http://arxiv.org/pdf/2601.10611,
molmo2-4b,textvqa,85.0,Allen Institute for AI,http://arxiv.org/pdf/2601.10611,
molmo2-4b,vqav2,86.6,Allen Institute for AI,http://arxiv.org/pdf/2601.10611,
molmo2-4b,rwqa,75.4,Allen Institute for AI,http://arxiv.org/pdf/2601.10611,
molmo2-4b,mmmu,50.9,Allen Institute for AI,http://arxiv.org/pdf/2601.10611,
molmo2-4b,mathvista,56.7,Allen Institute for AI,http://arxiv.org/pdf/2601.10611,
molmo2-4b,blink,57.5,Allen Institute for AI,http://arxiv.org/pdf/2601.10611,
internvl3.5-4b,chartqa,86.0,Allen Institute for AI,http://arxiv.org/pdf/2601.10611,
internvl3.5-4b,docvqa,92.4,Allen Institute for AI,http://arxiv.org/pdf/2601.10611,
internvl3.5-4b,infovqa,78.0,Allen Institute for AI,http://arxiv.org/pdf/2601.10611,
internvl3.5-4b,textvqa,77.9,Allen Institute for AI,http://arxiv.org/pdf/2601.10611,
internvl3.5-4b,vqav2,78.1,Allen Institute for AI,http://arxiv.org/pdf/2601.10611,
internvl3.5-4b,rwqa,66.3,Allen Institute for AI,http://arxiv.org/pdf/2601.10611,
internvl3.5-4b,mmmu,66.6,Allen Institute for AI,http://arxiv.org/pdf/2601.10611,
internvl3.5-4b,mathvista,77.1,Allen Institute for AI,http://arxiv.org/pdf/2601.10611,
internvl3.5-4b,blink,58.1,Allen Institute for AI,http://arxiv.org/pdf/2601.10611,
internvl3.5-8b,chartqa,86.7,Allen Institute for AI,http://arxiv.org/pdf/2601.10611,
internvl3.5-8b,docvqa,92.3,Allen Institute for AI,http://arxiv.org/pdf/2601.10611,
internvl3.5-8b,infovqa,79.1,Allen Institute for AI,http://arxiv.org/pdf/2601.10611,
internvl3.5-8b,textvqa,78.2,Allen Institute for AI,http://arxiv.org/pdf/2601.10611,
internvl3.5-8b,vqav2,79.5,Allen Institute for AI,http://arxiv.org/pdf/2601.10611,
internvl3.5-8b,rwqa,67.5,Allen Institute for AI,http://arxiv.org/pdf/2601.10611,
internvl3.5-8b,mmmu,73.4,Allen Institute for AI,http://arxiv.org/pdf/2601.10611,
internvl3.5-8b,mathvista,78.4,Allen Institute for AI,http://arxiv.org/pdf/2601.10611,
internvl3.5-8b,blink,59.5,Allen Institute for AI,http://arxiv.org/pdf/2601.10611,
qwen3-vl-4b,chartqa,84.6,Allen Institute for AI,http://arxiv.org/pdf/2601.10611,
qwen3-vl-4b,docvqa,95.3,Allen Institute for AI,http://arxiv.org/pdf/2601.10611,
qwen3-vl-4b,infovqa,80.3,Allen Institute for AI,http://arxiv.org/pdf/2601.10611,
qwen3-vl-4b,textvqa,81.0,Allen Institute for AI,http://arxiv.org/pdf/2601.10611,
qwen3-vl-4b,vqav2,81.7,Allen Institute for AI,http://arxiv.org/pdf/2601.10611,
qwen3-vl-4b,rwqa,70.9,Allen Institute for AI,http://arxiv.org/pdf/2601.10611,
qwen3-vl-4b,mmmu,67.4,Allen Institute for AI,http://arxiv.org/pdf/2601.10611,
qwen3-vl-4b,mathvista,73.7,Allen Institute for AI,http://arxiv.org/pdf/2601.10611,
qwen3-vl-4b,blink,65.8,Allen Institute for AI,http://arxiv.org/pdf/2601.10611,
qwen3-vl-8b,chartqa,89.6,Allen Institute for AI,http://arxiv.org/pdf/2601.10611,
qwen3-vl-8b,docvqa,96.1,Allen Institute for AI,http://arxiv.org/pdf/2601.10611,
qwen3-vl-8b,infovqa,83.1,Allen Institute for AI,http://arxiv.org/pdf/2601.10611,
qwen3-vl-8b,textvqa,82.8,Allen Institute for AI,http://arxiv.org/pdf/2601.10611,
qwen3-vl-8b,vqav2,82.3,Allen Institute for AI,http://arxiv.org/pdf/2601.10611,
qwen3-vl-8b,rwqa,71.5,Allen Institute for AI,http://arxiv.org/pdf/2601.10611,
qwen3-vl-8b,mmmu,69.6,Allen Institute for AI,http://arxiv.org/pdf/2601.10611,
qwen3-vl-8b,mathvista,77.2,Allen Institute for AI,http://arxiv.org/pdf/2601.10611,
qwen3-vl-8b,blink,69.1,Allen Institute for AI,http://arxiv.org/pdf/2601.10611,
molmo2-8b,chartqa,86.0,Allen Institute for AI,http://arxiv.org/pdf/2601.10611,
molmo2-8b,docvqa,93.2,Allen Institute for AI,http://arxiv.org/pdf/2601.10611,
molmo2-8b,infovqa,80.1,Allen Institute for AI,http://arxiv.org/pdf/2601.10611,
molmo2-8b,textvqa,85.7,Allen Institute for AI,http://arxiv.org/pdf/2601.10611,
molmo2-8b,vqav2,87.0,Allen Institute for AI,http://arxiv.org/pdf/2601.10611,
molmo2-8b,rwqa,77.6,Allen Institute for AI,http://arxiv.org/pdf/2601.10611,
molmo2-8b,mmmu,53.0,Allen Institute for AI,http://arxiv.org/pdf/2601.10611,
molmo2-8b,mathvista,58.9,Allen Institute for AI,http://arxiv.org/pdf/2601.10611,
molmo2-8b,blink,50.5,Allen Institute for AI,http://arxiv.org/pdf/2601.10611,
moondream3-preview,docvqa,88.3,Moondream,https://docs.moondream.ai/#performance-benchmarks,
moondream3-preview,chartqa,86.6,Moondream,https://docs.moondream.ai/#performance-benchmarks,
moondream3-preview,pope,89.0,Moondream,https://docs.moondream.ai/#performance-benchmarks,
qwen3.5-122b-a10b,vqav2
qwen3.5-122b-a10b,chartqa
qwen3.5-122b-a10b,textvqa
qwen3.5-122b-a10b,mme
qwen3.5-122b-a10b,blink
qwen3.5-122b-a10b,mmmu,83.9,Qwen,https://huggingface.co/Qwen/Qwen3.5-122B-A10B#vision-language,
qwen3.5-122b-a10b,mmmu-pro,76.9,Qwen,https://huggingface.co/Qwen/Qwen3.5-122B-A10B#vision-language,
qwen3.5-122b-a10b,infovqa
qwen3.5-122b-a10b,zerobench,9,Qwen,https://huggingface.co/Qwen/Qwen3.5-122B-A10B#vision-language,
qwen3.5-122b-a10b,pope
qwen3.5-122b-a10b,mmstar,82.9,Qwen,https://huggingface.co/Qwen/Qwen3.5-122B-A10B#vision-language,
qwen3.5-122b-a10b,rwqa,85.1,Qwen,https://huggingface.co/Qwen/Qwen3.5-122B-A10B#vision-language,
qwen3.5-35b-a3b,vqav2
qwen3.5-35b-a3b,chartqa
qwen3.5-35b-a3b,textvqa
qwen3.5-35b-a3b,mme
qwen3.5-35b-a3b,blink
qwen3.5-35b-a3b,mmmu,81.4,Qwen,https://huggingface.co/Qwen/Qwen3.5-35B-A3B#vision-language,
qwen3.5-35b-a3b,mmmu-pro,75.1,Qwen,https://huggingface.co/Qwen/Qwen3.5-35B-A3B#vision-language,
qwen3.5-35b-a3b,infovqa
qwen3.5-35b-a3b,zerobench,8,Qwen,https://huggingface.co/Qwen/Qwen3.5-35B-A3B#vision-language,
qwen3.5-35b-a3b,pope
qwen3.5-35b-a3b,mmstar,81.9,Qwen,https://huggingface.co/Qwen/Qwen3.5-35B-A3B#vision-language,
qwen3.5-35b-a3b,rwqa,84.1,Qwen,https://huggingface.co/Qwen/Qwen3.5-35B-A3B#vision-language,
qwen3.5-27b,vqav2
qwen3.5-27b,chartqa
qwen3.5-27b,textvqa
qwen3.5-27b,mme
qwen3.5-27b,blink
qwen3.5-27b,mmmu,82.3,Qwen,https://huggingface.co/Qwen/Qwen3.5-27B#vision-language,
qwen3.5-27b,mmmu-pro,75.0,Qwen,https://huggingface.co/Qwen/Qwen3.5-27B#vision-language,
qwen3.5-27b,infovqa
qwen3.5-27b,zerobench,10,Qwen,https://huggingface.co/Qwen/Qwen3.5-27B#vision-language,
qwen3.5-27b,pope
qwen3.5-27b,mmstar,81.0,Qwen,https://huggingface.co/Qwen/Qwen3.5-27B#vision-language,
qwen3.5-27b,rwqa,83.7,Qwen,https://huggingface.co/Qwen/Qwen3.5-27B#vision-language,
qwen3.5-2b,mmmu,64.2,Qwen,https://huggingface.co/Qwen/Qwen3.5-2B#vision-language,
qwen3.5-2b,mmmu-pro,47.7,Qwen,https://huggingface.co/Qwen/Qwen3.5-2B#vision-language,
qwen3.5-2b,mathvista,73.9,Qwen,https://huggingface.co/Qwen/Qwen3.5-2B#vision-language,mini
qwen3.5-2b,dynamath,69.6,Qwen,https://huggingface.co/Qwen/Qwen3.5-2B#vision-language,
qwen3.5-2b,zerobench,0,Qwen,https://huggingface.co/Qwen/Qwen3.5-2B#vision-language,
qwen3.5-2b,vlmsblind,74.3,Qwen,https://huggingface.co/Qwen/Qwen3.5-2B#vision-language,
qwen3.5-2b,rwqa,71.2,Qwen,https://huggingface.co/Qwen/Qwen3.5-2B#vision-language,
qwen3.5-2b,mmstar,68.0,Qwen,https://huggingface.co/Qwen/Qwen3.5-2B#vision-language,
qwen3.5-2b,mmbench,81.3,Qwen,https://huggingface.co/Qwen/Qwen3.5-2B#vision-language,EN-DEV-v1.1
qwen3.5-2b,simplevqa,39.5,Qwen,https://huggingface.co/Qwen/Qwen3.5-2B#vision-language,
qwen3.5-2b,hallusionbench,51.3,Qwen,https://huggingface.co/Qwen/Qwen3.5-2B#vision-language,
qwen3.5-2b,ocrbench,85.4,Qwen,https://huggingface.co/Qwen/Qwen3.5-2B#vision-language,
qwen3.5-2b,countbench,86.8,Qwen,https://huggingface.co/Qwen/Qwen3.5-2B#vision-language,
qwen3.5-2b,mlvu,,Qwen,https://huggingface.co/Qwen/Qwen3.5-2B#vision-language,
qwen3.5-2b,videommmu,,Qwen,https://huggingface.co/Qwen/Qwen3.5-2B#vision-language,
qwen3.5-2b,mmvu,,Qwen,https://huggingface.co/Qwen/Qwen3.5-2B#vision-language,
qwen3.5-2b-thinking,mmmu,64.2,Qwen,https://huggingface.co/Qwen/Qwen3.5-2B#vision-language,
qwen3.5-2b-thinking,mmmu-pro,50.3,Qwen,https://huggingface.co/Qwen/Qwen3.5-2B#vision-language,
qwen3.5-2b-thinking,mathvista,76.7,Qwen,https://huggingface.co/Qwen/Qwen3.5-2B#vision-language,mini
qwen3.5-2b-thinking,dynamath,73.6,Qwen,https://huggingface.co/Qwen/Qwen3.5-2B#vision-language,
qwen3.5-2b-thinking,zerobench,1,Qwen,https://huggingface.co/Qwen/Qwen3.5-2B#vision-language,
qwen3.5-2b-thinking,vlmsblind,75.8,Qwen,https://huggingface.co/Qwen/Qwen3.5-2B#vision-language,
qwen3.5-2b-thinking,rwqa,74.5,Qwen,https://huggingface.co/Qwen/Qwen3.5-2B#vision-language,
qwen3.5-2b-thinking,mmstar,71.7,Qwen,https://huggingface.co/Qwen/Qwen3.5-2B#vision-language,
qwen3.5-2b-thinking,mmbench,83.3,Qwen,https://huggingface.co/Qwen/Qwen3.5-2B#vision-language,EN-DEV-v1.1
qwen3.5-2b-thinking,simplevqa,38.5,Qwen,https://huggingface.co/Qwen/Qwen3.5-2B#vision-language,
qwen3.5-2b-thinking,hallusionbench,58.0,Qwen,https://huggingface.co/Qwen/Qwen3.5-2B#vision-language,
qwen3.5-2b-thinking,ocrbench,84.5,Qwen,https://huggingface.co/Qwen/Qwen3.5-2B#vision-language,
qwen3.5-2b-thinking,countbench,91.4,Qwen,https://huggingface.co/Qwen/Qwen3.5-2B#vision-language,
qwen3.5-2b-thinking,mlvu,76.2,Qwen,https://huggingface.co/Qwen/Qwen3.5-2B#vision-language,
qwen3.5-2b-thinking,videommmu,62.1,Qwen,https://huggingface.co/Qwen/Qwen3.5-2B#vision-language,
qwen3.5-2b-thinking,mmvu,48.6,Qwen,https://huggingface.co/Qwen/Qwen3.5-2B#vision-language,
qwen3.5-0.8b,mmmu,47.4,Qwen,https://huggingface.co/Qwen/Qwen3.5-0.8B#vision-language,
qwen3.5-0.8b,mmmu-pro,31.4,Qwen,https://huggingface.co/Qwen/Qwen3.5-0.8B#vision-language,
qwen3.5-0.8b,mathvista,58.6,Qwen,https://huggingface.co/Qwen/Qwen3.5-0.8B#vision-language,mini
qwen3.5-0.8b,dynamath,46.5,Qwen,https://huggingface.co/Qwen/Qwen3.5-0.8B#vision-language,
qwen3.5-0.8b,zerobench,0,Qwen,https://huggingface.co/Qwen/Qwen3.5-0.8B#vision-language,
qwen3.5-0.8b,vlmsblind,57.3,Qwen,https://huggingface.co/Qwen/Qwen3.5-0.8B#vision-language,
qwen3.5-0.8b,rwqa,61.6,Qwen,https://huggingface.co/Qwen/Qwen3.5-0.8B#vision-language,
qwen3.5-0.8b,mmstar,55.9,Qwen,https://huggingface.co/Qwen/Qwen3.5-0.8B#vision-language,
qwen3.5-0.8b,mmbench,68.0,Qwen,https://huggingface.co/Qwen/Qwen3.5-0.8B#vision-language,EN-DEV-v1.1
qwen3.5-0.8b,simplevqa,30.4,Qwen,https://huggingface.co/Qwen/Qwen3.5-0.8B#vision-language,
qwen3.5-0.8b,hallusionbench,46.7,Qwen,https://huggingface.co/Qwen/Qwen3.5-0.8B#vision-language,
qwen3.5-0.8b,ocrbench,79.1,Qwen,https://huggingface.co/Qwen/Qwen3.5-0.8B#vision-language,
qwen3.5-0.8b,countbench,68.6,Qwen,https://huggingface.co/Qwen/Qwen3.5-0.8B#vision-language,
qwen3.5-0.8b,mlvu,,Qwen,https://huggingface.co/Qwen/Qwen3.5-0.8B#vision-language,
qwen3.5-0.8b,videommmu,,Qwen,https://huggingface.co/Qwen/Qwen3.5-0.8B#vision-language,
qwen3.5-0.8b,mmvu,,Qwen,https://huggingface.co/Qwen/Qwen3.5-0.8B#vision-language,
qwen3.5-0.8b-thinking,mmmu,49.0,Qwen,https://huggingface.co/Qwen/Qwen3.5-08B#vision-language,
qwen3.5-0.8b-thinking,mmmu-pro,31.2,Qwen,https://huggingface.co/Qwen/Qwen3.5-08B#vision-language,
qwen3.5-0.8b-thinking,mathvista,62.2,Qwen,https://huggingface.co/Qwen/Qwen3.5-08B#vision-language,mini
qwen3.5-0.8b-thinking,dynamath,49.9,Qwen,https://huggingface.co/Qwen/Qwen3.5-08B#vision-language,
qwen3.5-0.8b-thinking,zerobench,0,Qwen,https://huggingface.co/Qwen/Qwen3.5-08B#vision-language,
qwen3.5-0.8b-thinking,vlmsblind,59.4,Qwen,https://huggingface.co/Qwen/Qwen3.5-08B#vision-language,
qwen3.5-0.8b-thinking,rwqa,63.4,Qwen,https://huggingface.co/Qwen/Qwen3.5-08B#vision-language,
qwen3.5-0.8b-thinking,mmstar,58.3,Qwen,https://huggingface.co/Qwen/Qwen3.5-08B#vision-language,
qwen3.5-0.8b-thinking,mmbench,69.9,Qwen,https://huggingface.co/Qwen/Qwen3.5-08B#vision-language,EN-DEV-v1.1
qwen3.5-0.8b-thinking,simplevqa,31.3,Qwen,https://huggingface.co/Qwen/Qwen3.5-08B#vision-language,
qwen3.5-0.8b-thinking,hallusionbench,53.1,Qwen,https://huggingface.co/Qwen/Qwen3.5-08B#vision-language,
qwen3.5-0.8b-thinking,ocrbench,74.5,Qwen,https://huggingface.co/Qwen/Qwen3.5-08B#vision-language,
qwen3.5-0.8b-thinking,countbench,77.0,Qwen,https://huggingface.co/Qwen/Qwen3.5-08B#vision-language,
qwen3.5-0.8b-thinking,mlvu,65.6,Qwen,https://huggingface.co/Qwen/Qwen3.5-08B#vision-language,
qwen3.5-0.8b-thinking,videommmu,44.3,Qwen,https://huggingface.co/Qwen/Qwen3.5-08B#vision-language,
qwen3.5-0.8b-thinking,mmvu,34.3,Qwen,https://huggingface.co/Qwen/Qwen3.5-08B#vision-language,
qwen3.5-4b,mmmu,77.6,Qwen,https://huggingface.co/Qwen/Qwen3.5-4B#vision-language,
qwen3.5-4b,mmmu-pro,66.3,Qwen,https://huggingface.co/Qwen/Qwen3.5-4B#vision-language,
qwen3.5-4b,mathvista,85.1,Qwen,https://huggingface.co/Qwen/Qwen3.5-4B#vision-language,mini
qwen3.5-4b,dynamath,83.3,Qwen,https://huggingface.co/Qwen/Qwen3.5-4B#vision-language,
qwen3.5-4b,zerobench,3,Qwen,https://huggingface.co/Qwen/Qwen3.5-4B#vision-language,
qwen3.5-4b,vlmsblind,92.6,Qwen,https://huggingface.co/Qwen/Qwen3.5-4B#vision-language,
qwen3.5-4b,babyvision,19.1,Qwen,https://huggingface.co/Qwen/Qwen3.5-4B#vision-language,
qwen3.5-4b,rwqa,79.5,Qwen,https://huggingface.co/Qwen/Qwen3.5-4B#vision-language,
qwen3.5-4b,mmstar,78.3,Qwen,https://huggingface.co/Qwen/Qwen3.5-4B#vision-language,
qwen3.5-4b,mmbench,89.4,Qwen,https://huggingface.co/Qwen/Qwen3.5-4B#vision-language,EN-DEV-v1.1
qwen3.5-4b,simplevqa,43.4,Qwen,https://huggingface.co/Qwen/Qwen3.5-4B#vision-language,
qwen3.5-4b,hallusionbench,65.0,Qwen,https://huggingface.co/Qwen/Qwen3.5-4B#vision-language,
qwen3.5-4b,ocrbench,85.0,Qwen,https://huggingface.co/Qwen/Qwen3.5-4B#vision-language,
qwen3.5-4b,countbench,96.3,Qwen,https://huggingface.co/Qwen/Qwen3.5-4B#vision-language,
qwen3.5-4b,mlvu,82.8,Qwen,https://huggingface.co/Qwen/Qwen3.5-4B#vision-language,
qwen3.5-4b,videommmu,74.1,Qwen,https://huggingface.co/Qwen/Qwen3.5-4B#vision-language,
qwen3.5-4b,mmvu,64.9,Qwen,https://huggingface.co/Qwen/Qwen3.5-4B#vision-language,
qwen3.5-9b,mmmu,78.4,Qwen,https://huggingface.co/Qwen/Qwen3.5-9B#vision-language,
qwen3.5-9b,mmmu-pro,70.1,Qwen,https://huggingface.co/Qwen/Qwen3.5-9B#vision-language,
qwen3.5-9b,mathvista,85.7,Qwen,https://huggingface.co/Qwen/Qwen3.5-9B#vision-language,mini
qwen3.5-9b,dynamath,83.6,Qwen,https://huggingface.co/Qwen/Qwen3.5-9B#vision-language,
qwen3.5-9b,zerobench,3.0,Qwen,https://huggingface.co/Qwen/Qwen3.5-9B#vision-language,
qwen3.5-9b,vlmsblind,93.7,Qwen,https://huggingface.co/Qwen/Qwen3.5-9B#vision-language,
qwen3.5-9b,babyvision,25.8,Qwen,https://huggingface.co/Qwen/Qwen3.5-9B#vision-language,
qwen3.5-9b,rwqa,80.3,Qwen,https://huggingface.co/Qwen/Qwen3.5-9B#vision-language,
qwen3.5-9b,mmstar,79.7,Qwen,https://huggingface.co/Qwen/Qwen3.5-9B#vision-language,
qwen3.5-9b,mmbench,90.1,Qwen,https://huggingface.co/Qwen/Qwen3.5-9B#vision-language,EN-DEV-v1.1
qwen3.5-9b,simplevqa,51.2,Qwen,https://huggingface.co/Qwen/Qwen3.5-9B#vision-language,
qwen3.5-9b,hallusionbench,69.3,Qwen,https://huggingface.co/Qwen/Qwen3.5-9B#vision-language,
qwen3.5-9b,ocrbench,89.2,Qwen,https://huggingface.co/Qwen/Qwen3.5-9B#vision-language,
qwen3.5-9b,countbench,97.2,Qwen,https://huggingface.co/Qwen/Qwen3.5-9B#vision-language,
qwen3.5-9b,mlvu,84.4,Qwen,https://huggingface.co/Qwen/Qwen3.5-9B#vision-language,
qwen3.5-9b,videommmu,78.9,Qwen,https://huggingface.co/Qwen/Qwen3.5-9B#vision-language,
qwen3.5-9b,mmvu,67.8,Qwen,https://huggingface.co/Qwen/Qwen3.5-9B#vision-language,
gemma3-4b,mmmu,48.8,Google,https://arxiv.org/pdf/2503.19786,
gemma3-12b,mmmu,59.6,Google,https://arxiv.org/pdf/2503.19786,
gemma3-27b,mmmu,64.9,Google,https://arxiv.org/pdf/2503.19786,
step3-vl-10b,mmmu,78.11,StepFun,https://arxiv.org/pdf/2601.09668,
step3-vl-10b,mmmu-pro,64.08,StepFun,https://arxiv.org/pdf/2601.09668,
step3-vl-10b,zerobench,1,StepFun,https://arxiv.org/pdf/2601.09668,
step3-vl-10b,mmbench,92.05,StepFun,https://arxiv.org/pdf/2601.09668,
step3-vl-10b,simplevqa,53.08,StepFun,https://arxiv.org/pdf/2601.09668,
step3-vl-10b,mmstar,77.48,StepFun,https://arxiv.org/pdf/2601.09668,
step3-vl-10b,mm-ifeval,61.87,StepFun,https://arxiv.org/pdf/2601.09668,
step3-vl-10b,ocrbench,86.75,StepFun,https://arxiv.org/pdf/2601.09668,
step3-vl-10b,blink,66.79,StepFun,https://arxiv.org/pdf/2601.09668,
step3-vl-10b,rwqa,74.44,StepFun,https://arxiv.org/pdf/2601.09668,
qwen3-vl-8b-thinking,rwqa,71.93,StepFun,https://arxiv.org/pdf/2601.09668,
qwen3-vl-8b-thinking,mmmu,73.53,StepFun,https://arxiv.org/pdf/2601.09668,
qwen3-vl-8b-thinking,mmmu-pro,60.94,StepFun,https://arxiv.org/pdf/2601.09668,
qwen3-vl-8b-thinking,zerobench,0.5,StepFun,https://arxiv.org/pdf/2601.09668,
qwen3-vl-8b-thinking,simplevqa,48.69,StepFun,https://arxiv.org/pdf/2601.09668,
qwen3-vl-8b-thinking,blink,62.78,StepFun,https://arxiv.org/pdf/2601.09668,
internvl3.5-1b,mmmu,44.2,InternVL,https://arxiv.org/pdf/2508.18265,
internvl3.5-2b,mmmu,59.0,InternVL,https://arxiv.org/pdf/2508.18265,
internvl3.5-4b,mmmu,66.6,InternVL,https://arxiv.org/pdf/2508.18265,
internvl3.5-8b,mmmu,73.4,InternVL,https://arxiv.org/pdf/2508.18265,
internvl3.5-14b,mmmu,73.3,InternVL,https://arxiv.org/pdf/2508.18265,
internvl3.5-20b-a4b,mmmu,72.6,InternVL,https://arxiv.org/pdf/2508.18265,
internvl3.5-30b-a3b,mmmu,75.6,InternVL,https://arxiv.org/pdf/2508.18265,
internvl3.5-38b,mmmu,76.9,InternVL,https://arxiv.org/pdf/2508.18265,
internvl3.5-241b-a28b,mmmu,77.7,InternVL,https://arxiv.org/pdf/2508.18265,
internvl3.5-1b,chartqa,77.7,InternVL,https://arxiv.org/pdf/2508.18265,
internvl3.5-2b,chartqa,80.7,InternVL,https://arxiv.org/pdf/2508.18265,
internvl3.5-4b,chartqa,86.0,InternVL,https://arxiv.org/pdf/2508.18265,
internvl3.5-8b,chartqa,86.7,InternVL,https://arxiv.org/pdf/2508.18265,
internvl3.5-1b,textvqa,71.5,InternVL,https://arxiv.org/pdf/2508.18265,Val
internvl3.5-2b,textvqa,76.5,InternVL,https://arxiv.org/pdf/2508.18265,Val
internvl3.5-4b,textvqa,77.9,InternVL,https://arxiv.org/pdf/2508.18265,Val
internvl3.5-8b,textvqa,78.2,InternVL,https://arxiv.org/pdf/2508.18265,Val
internvl3.5-1b,docvqa,85.6,InternVL,https://arxiv.org/pdf/2508.18265,Test
internvl3.5-2b,docvqa,89.4,InternVL,https://arxiv.org/pdf/2508.18265,Test
internvl3.5-4b,docvqa,92.4,InternVL,https://arxiv.org/pdf/2508.18265,Test
internvl3.5-8b,docvqa,92.3,InternVL,https://arxiv.org/pdf/2508.18265,Test
internvl3.5-1b,infovqa,60.5,InternVL,https://arxiv.org/pdf/2508.18265,Test
internvl3.5-2b,infovqa,70.8,InternVL,https://arxiv.org/pdf/2508.18265,Test
internvl3.5-4b,infovqa,78.0,InternVL,https://arxiv.org/pdf/2508.18265,Test
internvl3.5-8b,infovqa,79.1,InternVL,https://arxiv.org/pdf/2508.18265,Test
internvl3.5-1b,blink,44.0,InternVL,https://arxiv.org/pdf/2508.18265,
internvl3.5-2b,blink,51.3,InternVL,https://arxiv.org/pdf/2508.18265,Val
internvl3.5-4b,blink,58.1,InternVL,https://arxiv.org/pdf/2508.18265,Val
internvl3.5-8b,blink,59.5,InternVL,https://arxiv.org/pdf/2508.18265,Val
internvl3.5-1b,rwqa,57.6,InternVL,https://arxiv.org/pdf/2508.18265,
internvl3.5-2b,rwqa,62.0,InternVL,https://arxiv.org/pdf/2508.18265,
internvl3.5-4b,rwqa,66.3,InternVL,https://arxiv.org/pdf/2508.18265,
internvl3.5-8b,rwqa,67.5,InternVL,https://arxiv.org/pdf/2508.18265,
internvl3.5-1b,mme,1910.2,InternVL,https://arxiv.org/pdf/2508.18265,
internvl3.5-2b,mme,,InternVL,https://arxiv.org/pdf/2508.18265,
internvl3.5-4b,mme,,InternVL,https://arxiv.org/pdf/2508.18265,
internvl3.5-8b,mme,,InternVL,https://arxiv.org/pdf/2508.18265,
internvl3.5-1b,mmstar,51.9,InternVL,https://arxiv.org/pdf/2508.18265,
internvl3.5-2b,mmstar,,InternVL,https://arxiv.org/pdf/2508.18265,
internvl3.5-4b,mmstar,,InternVL,https://arxiv.org/pdf/2508.18265,
internvl3.5-8b,mmstar,,InternVL,https://arxiv.org/pdf/2508.18265,
internvl3.5-1b,pope,86.8,InternVL,https://arxiv.org/pdf/2508.18265,
internvl3.5-2b,pope,,InternVL,https://arxiv.org/pdf/2508.18265,
internvl3.5-4b,pope,,InternVL,https://arxiv.org/pdf/2508.18265,
internvl3.5-8b,pope,,InternVL,https://arxiv.org/pdf/2508.18265,
gemma3-27b,chartqa,78.0,InternVL,https://arxiv.org/pdf/2508.18265,
gemma3-27b,textvqa,67.7,InternVL,https://arxiv.org/pdf/2508.18265,
gemma3-27b,docvqa,86.6,InternVL,https://arxiv.org/pdf/2508.18265,
gemma3-27b,infovqa,64.9,InternVL,https://arxiv.org/pdf/2508.18265,
gemma3-27b,mmmu,64.9,InternVL,https://arxiv.org/pdf/2508.18265,
gemma3-27b,blink,54.4,InternVL,https://arxiv.org/pdf/2508.18265,
gemma3-12b,blink,52.6,InternVL,https://arxiv.org/pdf/2508.18265,
internvl3.5-241b-a28b,blink,61.4,InternVL,https://arxiv.org/pdf/2508.18265,
smolvlm2-2.2b,mmmu,42,HuggingFace,https://huggingface.co/HuggingFaceTB/SmolVLM2-2.2B-Instruct#vision-evaluation,
smolvlm2-2.2b,mmstar,46,HuggingFace,https://huggingface.co/HuggingFaceTB/SmolVLM2-2.2B-Instruct#vision-evaluation,
smolvlm2-2.2b,textvqa,73.21,HuggingFace,https://huggingface.co/HuggingFaceTB/SmolVLM2-2.2B-Instruct#vision-evaluation,Val
smolvlm2-2.2b,docvqa,79.98,HuggingFace,https://huggingface.co/HuggingFaceTB/SmolVLM2-2.2B-Instruct#vision-evaluation,Val
smolvlm2-2.2b,chartqa,68.84,HuggingFace,https://huggingface.co/HuggingFaceTB/SmolVLM2-2.2B-Instruct#vision-evaluation,Test
penguin-vl-2b,infovqa,77.8,Tencent AI,http://arxiv.org/pdf/2603.06569,
penguin-vl-2b,chartqa,86.6,Tencent AI,http://arxiv.org/pdf/2603.06569,
penguin-vl-2b,docvqa,94.1,Tencent AI,http://arxiv.org/pdf/2603.06569,
penguin-vl-2b,charxiv,66.4,Tencent AI,http://arxiv.org/pdf/2603.06569,DQ
penguin-vl-2b,charxiv,35.8,Tencent AI,http://arxiv.org/pdf/2603.06569,RQ
penguin-vl-2b,ocrbench,810,Tencent AI,http://arxiv.org/pdf/2603.06569,
penguin-vl-2b,rwqa,70.2,Tencent AI,http://arxiv.org/pdf/2603.06569,
penguin-vl-2b,mmmu-pro,31.4,Tencent AI,http://arxiv.org/pdf/2603.06569,
penguin-vl-2b,blink,51.7,Tencent AI,http://arxiv.org/pdf/2603.06569,
penguin-vl-2b,mmvu,42.7,Tencent AI,http://arxiv.org/pdf/2603.06569,
qwen3-vl-2b,infovqa,72.4,Tencent AI,http://arxiv.org/pdf/2603.06569,
qwen3-vl-2b,chartqa,76.9,Tencent AI,http://arxiv.org/pdf/2603.06569,
qwen3-vl-2b,docvqa,93.3,Tencent AI,http://arxiv.org/pdf/2603.06569,
qwen3-vl-2b,charxiv,62.3,Tencent AI,http://arxiv.org/pdf/2603.06569,DQ
qwen3-vl-2b,charxiv,26.8,Tencent AI,http://arxiv.org/pdf/2603.06569,RQ
qwen3-vl-2b,ocrbench,858,Tencent AI,http://arxiv.org/pdf/2603.06569,
qwen3-vl-2b,rwqa,63.9,Tencent AI,http://arxiv.org/pdf/2603.06569,
qwen3-vl-2b,mmmu-pro,36.5,Tencent AI,http://arxiv.org/pdf/2603.06569,
qwen3-vl-2b,blink,53.8,Tencent AI,http://arxiv.org/pdf/2603.06569,
qwen3-vl-2b,mmvu,41.7,Tencent AI,http://arxiv.org/pdf/2603.06569,
internvl3.5-2b,infovqa,70.8,Tencent AI,http://arxiv.org/pdf/2603.06569,
internvl3.5-2b,chartqa,80.7,Tencent AI,http://arxiv.org/pdf/2603.06569,
internvl3.5-2b,docvqa,89.4,Tencent AI,http://arxiv.org/pdf/2603.06569,
internvl3.5-2b,charxiv,65.0,Tencent AI,http://arxiv.org/pdf/2603.06569,DQ
internvl3.5-2b,charxiv,31.6,Tencent AI,http://arxiv.org/pdf/2603.06569,RQ
internvl3.5-2b,ocrbench,836,Tencent AI,http://arxiv.org/pdf/2603.06569,
internvl3.5-2b,rwqa,62.0,Tencent AI,http://arxiv.org/pdf/2603.06569,
internvl3.5-2b,mmmu-pro,31.6,Tencent AI,http://arxiv.org/pdf/2603.06569,
internvl3.5-2b,blink,36.6,Tencent AI,http://arxiv.org/pdf/2603.06569,
internvl3.5-2b,mmvu,42.7,Tencent AI,http://arxiv.org/pdf/2603.06569,
penguin-vl-8b,infovqa,86.8,Tencent AI,http://arxiv.org/pdf/2603.06569,
penguin-vl-8b,chartqa,90.5,Tencent AI,http://arxiv.org/pdf/2603.06569,
penguin-vl-8b,docvqa,962,Tencent AI,http://arxiv.org/pdf/2603.06569,
penguin-vl-8b,charxiv,75.7,Tencent AI,http://arxiv.org/pdf/2603.06569,DQ
penguin-vl-8b,charxiv,40.0,Tencent AI,http://arxiv.org/pdf/2603.06569,RQ
penguin-vl-8b,ocrbench,852,Tencent AI,http://arxiv.org/pdf/2603.06569,
penguin-vl-8b,rwqa,75.8,Tencent AI,http://arxiv.org/pdf/2603.06569,
penguin-vl-8b,mmmu-pro,40.2,Tencent AI,http://arxiv.org/pdf/2603.06569,
penguin-vl-8b,blink,58.2,Tencent AI,http://arxiv.org/pdf/2603.06569,
penguin-vl-8b,mmvu,53.9,Tencent AI,http://arxiv.org/pdf/2603.06569,
gpt-5-nano,infovqa,49.2,Tencent AI,http://arxiv.org/pdf/2603.06569,
gpt-5-nano,chartqa,48.6,Tencent AI,http://arxiv.org/pdf/2603.06569,
gpt-5-nano,docvqa,78.3,Tencent AI,http://arxiv.org/pdf/2603.06569,
gpt-5-nano,charxiv,64.4,Tencent AI,http://arxiv.org/pdf/2603.06569,DQ
gpt-5-nano,charxiv,31.7,Tencent AI,http://arxiv.org/pdf/2603.06569,RQ
gpt-5-nano,ocrbench,701,Tencent AI,http://arxiv.org/pdf/2603.06569,
gpt-5-nano,rwqa,60.7,Tencent AI,http://arxiv.org/pdf/2603.06569,
gpt-5-nano,mmmu-pro,36.5,Tencent AI,http://arxiv.org/pdf/2603.06569,
gpt-5-nano,blink,42.2,Tencent AI,http://arxiv.org/pdf/2603.06569,
gpt-5-nano,mmvu,51.0,Tencent AI,http://arxiv.org/pdf/2603.06569,
qwen3-vl-8b,infovqa,83.1,Tencent AI,http://arxiv.org/pdf/2603.06569,
qwen3-vl-8b,chartqa,89.6,Tencent AI,http://arxiv.org/pdf/2603.06569,
qwen3-vl-8b,docvqa,96.1,Tencent AI,http://arxiv.org/pdf/2603.06569,
qwen3-vl-8b,charxiv,83.0,Tencent AI,http://arxiv.org/pdf/2603.06569,DQ
qwen3-vl-8b,charxiv,46.4,Tencent AI,http://arxiv.org/pdf/2603.06569,RQ
qwen3-vl-8b,ocrbench,896,Tencent AI,http://arxiv.org/pdf/2603.06569,
qwen3-vl-8b,rwqa,71.5,Tencent AI,http://arxiv.org/pdf/2603.06569,
qwen3-vl-8b,mmmu-pro,55.9,Tencent AI,http://arxiv.org/pdf/2603.06569,
qwen3-vl-8b,blink,69.1,Tencent AI,http://arxiv.org/pdf/2603.06569,
qwen3-vl-8b,mmvu,58.7,Tencent AI,http://arxiv.org/pdf/2603.06569,
internvl3.5-8b,infovqa,79.1,Tencent AI,http://arxiv.org/pdf/2603.06569,
internvl3.5-8b,chartqa,86.7,Tencent AI,http://arxiv.org/pdf/2603.06569,
internvl3.5-8b,docvqa,92.3,Tencent AI,http://arxiv.org/pdf/2603.06569,
internvl3.5-8b,charxiv,72.2,Tencent AI,http://arxiv.org/pdf/2603.06569,DQ
internvl3.5-8b,charxiv,44.4,Tencent AI,http://arxiv.org/pdf/2603.06569,RQ
internvl3.5-8b,ocrbench,840,Tencent AI,http://arxiv.org/pdf/2603.06569,
internvl3.5-8b,rwqa,67.5,Tencent AI,http://arxiv.org/pdf/2603.06569,
internvl3.5-8b,mmmu-pro,39.7,Tencent AI,http://arxiv.org/pdf/2603.06569,
internvl3.5-8b,blink,59.5,Tencent AI,http://arxiv.org/pdf/2603.06569,
internvl3.5-8b,mmvu,51.5,Tencent AI,http://arxiv.org/pdf/2603.06569,
gpt-5.4-nano,mmmu-pro,66.1,OpenAI,https://openai.com/index/introducing-gpt-5-4-mini-and-nano/,
gpt-5.4-mini,mmmu-pro,76.6,OpenAI,https://openai.com/index/introducing-gpt-5-4-mini-and-nano/,
llava-ov-1.5-4b,mmstar,64.9,LLaVA,http://arxiv.org/pdf/2509.23661,
llava-ov-1.5-4b,seedbench,76.6,LLaVA,http://arxiv.org/pdf/2509.23661,
llava-ov-1.5-4b,realworldqa,67.8,LLaVA,http://arxiv.org/pdf/2509.23661,
llava-ov-1.5-4b,mmmu,52.7,LLaVA,http://arxiv.org/pdf/2509.23661,
llava-ov-1.5-4b,mmmu-pro,35.3,LLaVA,http://arxiv.org/pdf/2509.23661,
llava-ov-1.5-4b,chartqa,87.1,LLaVA,http://arxiv.org/pdf/2509.23661,
llava-ov-1.5-4b,docvqa,94.4,LLaVA,http://arxiv.org/pdf/2509.23661,
llava-ov-1.5-4b,ocrbench,80.0,LLaVA,http://arxiv.org/pdf/2509.23661,
llava-ov-1.5-4b,infovqa,76.1,LLaVA,http://arxiv.org/pdf/2509.23661,
llava-ov-1.5-4b,pixmocount,52.2,LLaVA,http://arxiv.org/pdf/2509.23661,
llava-ov-1.5-4b,countbench,79.8,LLaVA,http://arxiv.org/pdf/2509.23661,
llava-ov-1.5-8b,mmstar,67.7,LLaVA,http://arxiv.org/pdf/2509.23661,
llava-ov-1.5-8b,seedbench,77.3,LLaVA,http://arxiv.org/pdf/2509.23661,
llava-ov-1.5-8b,realworldqa,68.1,LLaVA,http://arxiv.org/pdf/2509.23661,
llava-ov-1.5-8b,mmmu,55.4,LLaVA,http://arxiv.org/pdf/2509.23661,
llava-ov-1.5-8b,mmmu-pro,37.4,LLaVA,http://arxiv.org/pdf/2509.23661,
llava-ov-1.5-8b,chartqa,86.5,LLaVA,http://arxiv.org/pdf/2509.23661,
llava-ov-1.5-8b,docvqa,95.0,LLaVA,http://arxiv.org/pdf/2509.23661,
llava-ov-1.5-8b,ocrbench,82.9,LLaVA,http://arxiv.org/pdf/2509.23661,
llava-ov-1.5-8b,infovqa,78.4,LLaVA,http://arxiv.org/pdf/2509.23661,
llava-ov-1.5-8b,pixmocount,62.2,LLaVA,http://arxiv.org/pdf/2509.23661,
llava-ov-1.5-8b,countbench,88.2,LLaVA,http://arxiv.org/pdf/2509.23661,
phi-4-reasoning-vision-15b,chartqa,83.3,Microsoft,https://arxiv.org/pdf/2603.03975,Test
phi-4-reasoning-vision-15b,mmmu,54.3,Microsoft,https://arxiv.org/pdf/2603.03975,
phi-4-reasoning-vision-15b,mmstar,64.5,Microsoft,https://arxiv.org/pdf/2603.03975,
gemma3-12b,chartqa,39,Microsoft,https://arxiv.org/pdf/2603.03975,Test
gemma3-12b,mmmu,50,Microsoft,https://arxiv.org/pdf/2603.03975,
gemma3-12b,mmstar,59.4,Microsoft,https://arxiv.org/pdf/2603.03975,
qwen3-vl-8b,chartqa,83.1,Microsoft,https://arxiv.org/pdf/2603.03975,Test
qwen3-vl-8b,mmmu,60.7,Microsoft,https://arxiv.org/pdf/2603.03975,
qwen3-vl-8b,mmstar,68.9,Microsoft,https://arxiv.org/pdf/2603.03975,
qwen3-vl-8b-thinking,chartqa,78,Microsoft,https://arxiv.org/pdf/2603.03975,Test
qwen3-vl-8b-thinking,mmmu,59.3,Microsoft,https://arxiv.org/pdf/2603.03975,
qwen3-vl-8b-thinking,mmstar,69.3,Microsoft,https://arxiv.org/pdf/2603.03975,
nemotron-nano-v2-vl-12b-reasoning,mmstar,71.7,NVIDIA,https://arxiv.org/abs/2511.03929,
nemotron-nano-v2-vl-12b-reasoning,blink,56.7,NVIDIA,https://arxiv.org/abs/2511.03929,
nemotron-nano-v2-vl-12b-reasoning,hallusionbench,73.1,NVIDIA,https://arxiv.org/abs/2511.03929,
nemotron-nano-v2-vl-12b-reasoning,pope,87.0,NVIDIA,https://arxiv.org/abs/2511.03929,
nemotron-nano-v2-vl-12b-reasoning,rwqa,72.2,NVIDIA,https://arxiv.org/abs/2511.03929,
nemotron-nano-v2-vl-12b-reasoning,mmmu,67.8,NVIDIA,https://arxiv.org/abs/2511.03929,
nemotron-nano-v2-vl-12b-reasoning,mmmu-pro,28.0,NVIDIA,https://arxiv.org/abs/2511.03929,
nemotron-nano-v2-vl-12b-reasoning,ocrbench,83.5,NVIDIA,https://arxiv.org/abs/2511.03929,
nemotron-nano-v2-vl-12b-reasoning,chartqa,84.9,NVIDIA,https://arxiv.org/abs/2511.03929,Test
nemotron-nano-v2-vl-12b-reasoning,textvqa,76.1,NVIDIA,https://arxiv.org/abs/2511.03929,Test
nemotron-nano-v2-vl-12b-reasoning,docvqa,93.2,NVIDIA,https://arxiv.org/abs/2511.03929,Test
nemotron-nano-v2-vl-12b-reasoning,infovqa,80.4,NVIDIA,https://arxiv.org/abs/2511.03929,Test
qwen3-vl-8b,mmstar,70.9,NVIDIA,https://arxiv.org/abs/2511.03929,
qwen3-vl-8b,blink,69.1,NVIDIA,https://arxiv.org/abs/2511.03929,
qwen3-vl-8b,hallusionbench,61.1,NVIDIA,https://arxiv.org/abs/2511.03929,
qwen3-vl-8b,pope,88.2,NVIDIA,https://arxiv.org/abs/2511.03929,
qwen3-vl-8b,rwqa,71.5,NVIDIA,https://arxiv.org/abs/2511.03929,
qwen3-vl-8b,mmmu,,NVIDIA,https://arxiv.org/abs/2511.03929,
qwen3-vl-8b,mmmu-pro,,NVIDIA,https://arxiv.org/abs/2511.03929,
qwen3-vl-8b,ocrbench,,NVIDIA,https://arxiv.org/abs/2511.03929,
qwen3-vl-8b,chartqa,83.4,NVIDIA,https://arxiv.org/abs/2511.03929,Test
qwen3-vl-8b,textvqa,82.9,NVIDIA,https://arxiv.org/abs/2511.03929,Test
qwen3-vl-8b,docvqa,96.1,NVIDIA,https://arxiv.org/abs/2511.03929,Test
qwen3-vl-8b,infovqa,83.1,NVIDIA,https://arxiv.org/abs/2511.03929,Test
qwen3-vl-8b-thinking,mmstar,,NVIDIA,https://arxiv.org/abs/2511.03929,
qwen3-vl-8b-thinking,blink,,NVIDIA,https://arxiv.org/abs/2511.03929,
qwen3-vl-8b-thinking,hallusionbench,,NVIDIA,https://arxiv.org/abs/2511.03929,
qwen3-vl-8b-thinking,pope,,NVIDIA,https://arxiv.org/abs/2511.03929,
qwen3-vl-8b-thinking,rwqa,,NVIDIA,https://arxiv.org/abs/2511.03929,
qwen3-vl-8b-thinking,mmmu,,NVIDIA,https://arxiv.org/abs/2511.03929,
qwen3-vl-8b-thinking,mmmu-pro,,NVIDIA,https://arxiv.org/abs/2511.03929,
qwen3-vl-8b-thinking,ocrbench,,NVIDIA,https://arxiv.org/abs/2511.03929,
qwen3-vl-8b-thinking,chartqa,,NVIDIA,https://arxiv.org/abs/2511.03929,Test
qwen3-vl-8b-thinking,textvqa,,NVIDIA,https://arxiv.org/abs/2511.03929,Test
qwen3-vl-8b-thinking,docvqa,,NVIDIA,https://arxiv.org/abs/2511.03929,Test
qwen3-vl-8b-thinking,infovqa,,NVIDIA,https://arxiv.org/abs/2511.03929,Test
